AnalogNowhere,analognowhere.com,Unix-themed fan-fiction,Art;BSD;Plan 9
Cat-v.org,cat-v.org,Random Contrarian Insurgent Organization,BSD;Plan 9
Cidoku,cidoku.net,Retro personal webpage,Art;Flash;Music;Personal
Dan's website,pspodcasting.net/dan,,Art;BSD;Personal;Plan 9
Nein,nein.triapul.cz,,BSD;Plan 9
news.olano.dev,news.olano.dev,News feed from different blogs,Blog;Programming
Nic Olas,nic-olas.me,,Linux;Minimalism;Videos
Orib,orib.dev,Golang programming blog,Golang;Programming
Pepper & Carrot,peppercarrot.com,Free and open source webcomic,Art
Wiby,wiby.me,Retro search engine,Search engine
